{"cameraMode":{"drawMode":0,"name":"Shaded","section":"Shading Mode"},"sceneLighting":false,"audioPlay":false,"sceneViewState":{"showFog":true,"showMaterialUpdate":true,"showSkybox":false,"showFlares":true,"showImageEffects":true,"showParticleSystems":true},"in2DMode":false,"pivot":{"x":3.8899991512298586,"y":-2.3817687034606935,"z":9.55024528503418},"rotation":{"x":0.028347088024020196,"y":0.9101222157478333,"z":-0.06318334490060806,"w":0.4085119366645813},"size":5.503695487976074,"orthographic":false}