{"cameraMode":{"drawMode":0,"name":"Shaded","section":"Shading Mode"},"sceneLighting":true,"audioPlay":false,"sceneViewState":{"showFog":true,"showMaterialUpdate":true,"showSkybox":true,"showFlares":true,"showImageEffects":true,"showParticleSystems":true},"in2DMode":false,"pivot":{"x":-5.769195079803467,"y":-1.189375877380371,"z":-5.345673561096191},"rotation":{"x":0.02269705943763256,"y":0.8958388566970825,"z":-0.44139835238456728,"w":0.046091705560684207},"size":15.815197944641114,"orthographic":false}