{"cameraMode":{"drawMode":0,"name":"Shaded","section":"Shading Mode"},"sceneLighting":false,"audioPlay":false,"sceneViewState":{"showFog":true,"showMaterialUpdate":true,"showSkybox":true,"showFlares":true,"showImageEffects":true,"showParticleSystems":true},"in2DMode":false,"pivot":{"x":2.98539662361145,"y":-0.6263852119445801,"z":-0.2378864288330078},"rotation":{"x":-0.025667959824204446,"y":0.9672470092773438,"z":-0.22781100869178773,"w":-0.10898183286190033},"size":11.903071403503418,"orthographic":false}