{"cameraMode":{"drawMode":0,"name":"Shaded","section":"Shading Mode"},"sceneLighting":true,"audioPlay":false,"sceneViewState":{"showFog":true,"showMaterialUpdate":true,"showSkybox":true,"showFlares":true,"showImageEffects":true,"showParticleSystems":true},"in2DMode":false,"pivot":{"x":0.9952096939086914,"y":-1.1209796667099,"z":-8.214723587036133},"rotation":{"x":0.028347088024020196,"y":0.9101222157478333,"z":-0.06318334490060806,"w":0.4085119366645813},"size":4.563955307006836,"orthographic":false}