{"cameraMode":{"drawMode":0,"name":"Shaded","section":"Shading Mode"},"sceneLighting":true,"audioPlay":false,"sceneViewState":{"showFog":true,"showMaterialUpdate":true,"showSkybox":true,"showFlares":true,"showImageEffects":true,"showParticleSystems":true},"in2DMode":false,"pivot":{"x":65.4355697631836,"y":76.70355987548828,"z":-74.29205322265625},"rotation":{"x":0.04167340323328972,"y":0.015583586879074574,"z":0.000649790046736598,"w":-0.9990103840827942},"size":238.6490478515625,"orthographic":false}