{"cameraMode":{"drawMode":0,"name":"Shaded","section":"Shading Mode"},"sceneLighting":false,"audioPlay":false,"sceneViewState":{"showFog":true,"showMaterialUpdate":true,"showSkybox":true,"showFlares":true,"showImageEffects":true,"showParticleSystems":true},"in2DMode":false,"pivot":{"x":375.028076171875,"y":52.223602294921878,"z":108.80230712890625},"rotation":{"x":-0.2654569149017334,"y":0.10444885492324829,"z":-0.028942061588168145,"w":-0.9580122232437134},"size":634.4967651367188,"orthographic":false}